NAME	GS<br> follow link to MSigDB	GS DETAILS	SIZE	ES	NES	NOM p-val	FDR q-val	FWER p-val	RANK AT MAX	LEADING EDGE	
HALLMARK_ANGIOGENESIS	HALLMARK_ANGIOGENESIS	Details ...	32	-0.61108404	-1.6399505	0.0040983604	0.027116973	0.038	1737	tags=28%, list=8%, signal=31%	
HALLMARK_ESTROGEN_RESPONSE_LATE	HALLMARK_ESTROGEN_RESPONSE_LATE	Details ...	177	-0.38517684	-1.2800595	0.06076759	1.0	0.972	5098	tags=29%, list=23%, signal=38%	
HALLMARK_PANCREAS_BETA_CELLS	HALLMARK_PANCREAS_BETA_CELLS	Details ...	25	-0.50063425	-1.2681861	0.16049382	0.89018804	0.98	3277	tags=36%, list=15%, signal=42%	
HALLMARK_KRAS_SIGNALING_DN	HALLMARK_KRAS_SIGNALING_DN	Details ...	134	-0.39240465	-1.264121	0.085620195	0.6906185	0.983	1831	tags=18%, list=8%, signal=19%	
HALLMARK_XENOBIOTIC_METABOLISM	HALLMARK_XENOBIOTIC_METABOLISM	Details ...	166	-0.38384774	-1.2605115	0.07258938	0.57174563	0.984	3285	tags=19%, list=15%, signal=23%	
HALLMARK_APICAL_JUNCTION	HALLMARK_APICAL_JUNCTION	Details ...	184	-0.38194823	-1.2600687	0.06369427	0.47805822	0.984	4557	tags=29%, list=21%, signal=36%	
HALLMARK_BILE_ACID_METABOLISM	HALLMARK_BILE_ACID_METABOLISM	Details ...	101	-0.40501356	-1.2578924	0.10549451	0.41774273	0.985	4647	tags=29%, list=21%, signal=36%	
HALLMARK_ESTROGEN_RESPONSE_EARLY	HALLMARK_ESTROGEN_RESPONSE_EARLY	Details ...	190	-0.37369156	-1.2370647	0.093418255	0.43509194	0.991	3707	tags=26%, list=17%, signal=31%	
HALLMARK_EPITHELIAL_MESENCHYMAL_TRANSITION	HALLMARK_EPITHELIAL_MESENCHYMAL_TRANSITION	Details ...	196	-0.35798457	-1.1900539	0.13559322	0.5645396	1.0	3019	tags=21%, list=14%, signal=25%	
HALLMARK_MYOGENESIS	HALLMARK_MYOGENESIS	Details ...	174	-0.3347471	-1.1066564	0.26545843	0.88577044	1.0	3416	tags=24%, list=16%, signal=28%	
HALLMARK_P53_PATHWAY	HALLMARK_P53_PATHWAY	Details ...	192	-0.31979892	-1.0670632	0.34446764	1.0	1.0	4667	tags=21%, list=21%, signal=26%	
HALLMARK_INTERFERON_GAMMA_RESPONSE	HALLMARK_INTERFERON_GAMMA_RESPONSE	Details ...	191	-0.31973627	-1.0669885	0.33962265	0.91935766	1.0	3256	tags=17%, list=15%, signal=20%	
HALLMARK_FATTY_ACID_METABOLISM	HALLMARK_FATTY_ACID_METABOLISM	Details ...	142	-0.31430963	-1.0309496	0.43666667	1.0	1.0	1948	tags=9%, list=9%, signal=10%	
HALLMARK_ALLOGRAFT_REJECTION	HALLMARK_ALLOGRAFT_REJECTION	Details ...	153	-0.30998558	-1.0216411	0.43674368	0.9763989	1.0	3379	tags=26%, list=16%, signal=31%	
HALLMARK_COAGULATION	HALLMARK_COAGULATION	Details ...	112	-0.314814	-0.9985286	0.49154454	1.0	1.0	3710	tags=23%, list=17%, signal=28%	
HALLMARK_UV_RESPONSE_DN	HALLMARK_UV_RESPONSE_DN	Details ...	144	-0.2961686	-0.9577866	0.5609493	1.0	1.0	4294	tags=19%, list=20%, signal=24%	
HALLMARK_PEROXISOME	HALLMARK_PEROXISOME	Details ...	96	-0.3039902	-0.9558845	0.5529412	1.0	1.0	4742	tags=19%, list=22%, signal=24%	
HALLMARK_KRAS_SIGNALING_UP	HALLMARK_KRAS_SIGNALING_UP	Details ...	175	-0.28802845	-0.95340705	0.5886076	0.9970516	1.0	2897	tags=18%, list=13%, signal=20%	
HALLMARK_WNT_BETA_CATENIN_SIGNALING	HALLMARK_WNT_BETA_CATENIN_SIGNALING	Details ...	39	-0.33737898	-0.9438684	0.56329113	0.9740013	1.0	2307	tags=15%, list=11%, signal=17%	
HALLMARK_ADIPOGENESIS	HALLMARK_ADIPOGENESIS	Details ...	192	-0.27626634	-0.9097294	0.6893617	1.0	1.0	7606	tags=32%, list=35%, signal=49%	
HALLMARK_IL2_STAT5_SIGNALING	HALLMARK_IL2_STAT5_SIGNALING	Details ...	182	-0.27449977	-0.90889996	0.6878364	0.98116446	1.0	3790	tags=16%, list=17%, signal=20%	
HALLMARK_ANDROGEN_RESPONSE	HALLMARK_ANDROGEN_RESPONSE	Details ...	98	-0.2899945	-0.8998028	0.6613088	0.9596017	1.0	5500	tags=24%, list=25%, signal=33%	
HALLMARK_HEDGEHOG_SIGNALING	HALLMARK_HEDGEHOG_SIGNALING	Details ...	33	-0.32962096	-0.8755292	0.65869856	0.97545785	1.0	4020	tags=24%, list=19%, signal=30%	
HALLMARK_HEME_METABOLISM	HALLMARK_HEME_METABOLISM	Details ...	180	-0.2619975	-0.8594819	0.79291844	0.97104734	1.0	3988	tags=15%, list=18%, signal=18%	
HALLMARK_APICAL_SURFACE	HALLMARK_APICAL_SURFACE	Details ...	41	-0.31223026	-0.8577837	0.703939	0.93540066	1.0	2705	tags=20%, list=12%, signal=22%	
HALLMARK_INTERFERON_ALPHA_RESPONSE	HALLMARK_INTERFERON_ALPHA_RESPONSE	Details ...	97	-0.2683937	-0.84455293	0.7464623	0.9258631	1.0	5900	tags=27%, list=27%, signal=37%	
HALLMARK_APOPTOSIS	HALLMARK_APOPTOSIS	Details ...	154	-0.25484413	-0.8273856	0.8077754	0.92386043	1.0	3824	tags=18%, list=18%, signal=21%	
HALLMARK_UV_RESPONSE_UP	HALLMARK_UV_RESPONSE_UP	Details ...	154	-0.24121834	-0.7897356	0.86825055	0.95137835	1.0	3491	tags=15%, list=16%, signal=18%	
HALLMARK_OXIDATIVE_PHOSPHORYLATION	HALLMARK_OXIDATIVE_PHOSPHORYLATION	Details ...	199	-0.2133958	-0.7054568	0.9639066	1.0	1.0	9325	tags=43%, list=43%, signal=75%	
HALLMARK_PI3K_AKT_MTOR_SIGNALING	HALLMARK_PI3K_AKT_MTOR_SIGNALING	Details ...	98	-0.21632591	-0.67984676	0.95752007	0.9981512	1.0	2156	tags=7%, list=10%, signal=8%	
HALLMARK_CHOLESTEROL_HOMEOSTASIS	HALLMARK_CHOLESTEROL_HOMEOSTASIS	Details ...	74	-0.17600973	-0.5313912	0.9964455	0.99774575	1.0	7606	tags=34%, list=35%, signal=52%	
