NAME	GS<br> follow link to MSigDB	GS DETAILS	SIZE	ES	NES	NOM p-val	FDR q-val	FWER p-val	RANK AT MAX	LEADING EDGE	
HALLMARK_E2F_TARGETS	HALLMARK_E2F_TARGETS	Details ...	200	0.5384715	2.385731	0.0	0.0	0.0	6429	tags=61%, list=30%, signal=85%	
HALLMARK_G2M_CHECKPOINT	HALLMARK_G2M_CHECKPOINT	Details ...	200	0.5215791	2.3272996	0.0	0.0	0.0	6378	tags=63%, list=29%, signal=88%	
HALLMARK_TNFA_SIGNALING_VIA_NFKB	HALLMARK_TNFA_SIGNALING_VIA_NFKB	Details ...	196	0.4377377	1.9535705	0.0	9.065751E-4	0.001	3072	tags=34%, list=14%, signal=39%	
HALLMARK_MYC_TARGETS_V1	HALLMARK_MYC_TARGETS_V1	Details ...	200	0.387945	1.6871896	0.0	0.012471074	0.014	7147	tags=49%, list=33%, signal=72%	
HALLMARK_MYC_TARGETS_V2	HALLMARK_MYC_TARGETS_V2	Details ...	58	0.44416776	1.6374569	0.0057803467	0.017104048	0.024	7808	tags=60%, list=36%, signal=94%	
HALLMARK_HYPOXIA	HALLMARK_HYPOXIA	Details ...	187	0.32530683	1.421985	0.018867925	0.08476604	0.128	2799	tags=27%, list=13%, signal=31%	
HALLMARK_MITOTIC_SPINDLE	HALLMARK_MITOTIC_SPINDLE	Details ...	198	0.30405614	1.3294551	0.0	0.13347392	0.229	6388	tags=49%, list=29%, signal=69%	
HALLMARK_INFLAMMATORY_RESPONSE	HALLMARK_INFLAMMATORY_RESPONSE	Details ...	172	0.28999183	1.2577102	0.05172414	0.18787874	0.354	1944	tags=22%, list=9%, signal=24%	
HALLMARK_IL6_JAK_STAT3_SIGNALING	HALLMARK_IL6_JAK_STAT3_SIGNALING	Details ...	73	0.32976106	1.2380949	0.12727273	0.1936231	0.395	976	tags=15%, list=4%, signal=16%	
HALLMARK_COMPLEMENT	HALLMARK_COMPLEMENT	Details ...	177	0.25839794	1.1273222	0.20338982	0.36922726	0.658	1228	tags=11%, list=6%, signal=11%	
HALLMARK_SPERMATOGENESIS	HALLMARK_SPERMATOGENESIS	Details ...	104	0.26726532	1.0894746	0.25409836	0.4351722	0.749	3647	tags=33%, list=17%, signal=39%	
HALLMARK_REACTIVE_OXYGEN_SPECIES_PATHWAY	HALLMARK_REACTIVE_OXYGEN_SPECIES_PATHWAY	Details ...	47	0.31021845	1.0698936	0.32474226	0.461242	0.799	2904	tags=26%, list=13%, signal=29%	
HALLMARK_TGF_BETA_SIGNALING	HALLMARK_TGF_BETA_SIGNALING	Details ...	53	0.27798516	0.99866736	0.46875	0.6672595	0.919	3896	tags=25%, list=18%, signal=30%	
HALLMARK_GLYCOLYSIS	HALLMARK_GLYCOLYSIS	Details ...	193	0.22125474	0.962751	0.5925926	0.75200313	0.955	3802	tags=21%, list=18%, signal=26%	
HALLMARK_DNA_REPAIR	HALLMARK_DNA_REPAIR	Details ...	150	0.20789047	0.8874162	0.8333333	0.94084966	0.985	6518	tags=33%, list=30%, signal=46%	
HALLMARK_MTORC1_SIGNALING	HALLMARK_MTORC1_SIGNALING	Details ...	200	0.19005388	0.83865947	0.9516129	1.0	0.996	5816	tags=37%, list=27%, signal=50%	
HALLMARK_PROTEIN_SECRETION	HALLMARK_PROTEIN_SECRETION	Details ...	95	0.20729262	0.82263535	0.9104478	0.9761001	0.997	4532	tags=19%, list=21%, signal=24%	
HALLMARK_UNFOLDED_PROTEIN_RESPONSE	HALLMARK_UNFOLDED_PROTEIN_RESPONSE	Details ...	112	0.17781857	0.72785246	1.0	1.0	0.998	6145	tags=34%, list=28%, signal=47%	
HALLMARK_NOTCH_SIGNALING	HALLMARK_NOTCH_SIGNALING	Details ...	29	0.2019844	0.6414357	0.96414346	0.9885895	0.998	4240	tags=28%, list=20%, signal=34%	
