NAME	GS<br> follow link to MSigDB	GS DETAILS	SIZE	ES	NES	NOM p-val	FDR q-val	FWER p-val	RANK AT MAX	LEADING EDGE	
HALLMARK_EPITHELIAL_MESENCHYMAL_TRANSITION	HALLMARK_EPITHELIAL_MESENCHYMAL_TRANSITION	Details ...	196	-0.56939495	-2.517671	0.0	0.0	0.0	3933	tags=49%, list=18%, signal=59%	
HALLMARK_TNFA_SIGNALING_VIA_NFKB	HALLMARK_TNFA_SIGNALING_VIA_NFKB	Details ...	196	-0.50639933	-2.2295358	0.0	0.0	0.0	4144	tags=35%, list=19%, signal=42%	
HALLMARK_INFLAMMATORY_RESPONSE	HALLMARK_INFLAMMATORY_RESPONSE	Details ...	172	-0.46113086	-1.9774861	0.0	8.8888884E-4	0.001	3438	tags=34%, list=16%, signal=40%	
HALLMARK_IL6_JAK_STAT3_SIGNALING	HALLMARK_IL6_JAK_STAT3_SIGNALING	Details ...	73	-0.4988962	-1.9119685	0.0	0.0013809524	0.002	3913	tags=29%, list=18%, signal=35%	
HALLMARK_G2M_CHECKPOINT	HALLMARK_G2M_CHECKPOINT	Details ...	200	-0.42598647	-1.8826663	0.0	0.001104762	0.002	8105	tags=55%, list=37%, signal=86%	
HALLMARK_E2F_TARGETS	HALLMARK_E2F_TARGETS	Details ...	200	-0.4121351	-1.8035764	0.0	0.005168612	0.01	8582	tags=58%, list=40%, signal=96%	
HALLMARK_COMPLEMENT	HALLMARK_COMPLEMENT	Details ...	177	-0.4149113	-1.8028449	0.0	0.004430239	0.01	3599	tags=29%, list=17%, signal=35%	
HALLMARK_ALLOGRAFT_REJECTION	HALLMARK_ALLOGRAFT_REJECTION	Details ...	153	-0.41367316	-1.7833898	0.0	0.003876459	0.01	3156	tags=26%, list=15%, signal=30%	
HALLMARK_COAGULATION	HALLMARK_COAGULATION	Details ...	112	-0.42532834	-1.7448465	0.0	0.0044907155	0.014	3599	tags=30%, list=17%, signal=36%	
HALLMARK_UNFOLDED_PROTEIN_RESPONSE	HALLMARK_UNFOLDED_PROTEIN_RESPONSE	Details ...	112	-0.40948883	-1.6535884	0.003164557	0.011987119	0.042	6832	tags=40%, list=31%, signal=58%	
HALLMARK_HYPOXIA	HALLMARK_HYPOXIA	Details ...	187	-0.37560153	-1.6260092	0.004901961	0.013304715	0.051	5553	tags=38%, list=26%, signal=51%	
HALLMARK_PROTEIN_SECRETION	HALLMARK_PROTEIN_SECRETION	Details ...	95	-0.40685454	-1.597764	0.0	0.01757362	0.07	7118	tags=45%, list=33%, signal=67%	
HALLMARK_MTORC1_SIGNALING	HALLMARK_MTORC1_SIGNALING	Details ...	200	-0.36385718	-1.5873792	0.0	0.018077115	0.078	6887	tags=50%, list=32%, signal=73%	
HALLMARK_UV_RESPONSE_DN	HALLMARK_UV_RESPONSE_DN	Details ...	144	-0.3684612	-1.5363233	0.011583012	0.02685425	0.124	3316	tags=22%, list=15%, signal=26%	
HALLMARK_MYC_TARGETS_V1	HALLMARK_MYC_TARGETS_V1	Details ...	200	-0.34280097	-1.5161463	0.0	0.02981466	0.143	8999	tags=54%, list=41%, signal=91%	
HALLMARK_KRAS_SIGNALING_UP	HALLMARK_KRAS_SIGNALING_UP	Details ...	175	-0.3400025	-1.4973373	0.0	0.032818977	0.167	3668	tags=31%, list=17%, signal=37%	
HALLMARK_MYC_TARGETS_V2	HALLMARK_MYC_TARGETS_V2	Details ...	58	-0.40700066	-1.4668615	0.032934133	0.039921045	0.209	9004	tags=66%, list=41%, signal=112%	
HALLMARK_HEDGEHOG_SIGNALING	HALLMARK_HEDGEHOG_SIGNALING	Details ...	33	-0.46153507	-1.4412781	0.0546875	0.048584208	0.26	3222	tags=33%, list=15%, signal=39%	
HALLMARK_APICAL_SURFACE	HALLMARK_APICAL_SURFACE	Details ...	41	-0.43433788	-1.4410409	0.04385965	0.046291336	0.261	2343	tags=24%, list=11%, signal=27%	
HALLMARK_MYOGENESIS	HALLMARK_MYOGENESIS	Details ...	174	-0.3218544	-1.4067457	0.008547009	0.056886584	0.331	3524	tags=25%, list=16%, signal=30%	
HALLMARK_INTERFERON_ALPHA_RESPONSE	HALLMARK_INTERFERON_ALPHA_RESPONSE	Details ...	97	-0.35281727	-1.3882217	0.04605263	0.064058505	0.38	4456	tags=19%, list=21%, signal=23%	
HALLMARK_MITOTIC_SPINDLE	HALLMARK_MITOTIC_SPINDLE	Details ...	198	-0.3145533	-1.3777035	0.016806724	0.065446615	0.401	6077	tags=30%, list=28%, signal=41%	
HALLMARK_CHOLESTEROL_HOMEOSTASIS	HALLMARK_CHOLESTEROL_HOMEOSTASIS	Details ...	74	-0.3634813	-1.3759806	0.03	0.06316451	0.405	5433	tags=43%, list=25%, signal=57%	
HALLMARK_INTERFERON_GAMMA_RESPONSE	HALLMARK_INTERFERON_GAMMA_RESPONSE	Details ...	191	-0.2988398	-1.3195105	0.031111112	0.09418862	0.556	4841	tags=27%, list=22%, signal=35%	
HALLMARK_ANDROGEN_RESPONSE	HALLMARK_ANDROGEN_RESPONSE	Details ...	98	-0.32981035	-1.3151151	0.07266436	0.093128085	0.566	4565	tags=32%, list=21%, signal=40%	
HALLMARK_IL2_STAT5_SIGNALING	HALLMARK_IL2_STAT5_SIGNALING	Details ...	182	-0.29901838	-1.305829	0.030837005	0.09461957	0.585	4946	tags=33%, list=23%, signal=42%	
HALLMARK_GLYCOLYSIS	HALLMARK_GLYCOLYSIS	Details ...	193	-0.2973442	-1.2954729	0.023148147	0.09948233	0.611	5697	tags=40%, list=26%, signal=54%	
HALLMARK_UV_RESPONSE_UP	HALLMARK_UV_RESPONSE_UP	Details ...	154	-0.3045623	-1.2861832	0.042372882	0.102680065	0.633	5183	tags=32%, list=24%, signal=41%	
HALLMARK_ANGIOGENESIS	HALLMARK_ANGIOGENESIS	Details ...	32	-0.3999837	-1.2818092	0.1589041	0.10293978	0.646	3316	tags=38%, list=15%, signal=44%	
HALLMARK_KRAS_SIGNALING_DN	HALLMARK_KRAS_SIGNALING_DN	Details ...	134	-0.30139908	-1.261201	0.085185185	0.11753871	0.704	2417	tags=19%, list=11%, signal=22%	
HALLMARK_DNA_REPAIR	HALLMARK_DNA_REPAIR	Details ...	150	-0.29338422	-1.2609811	0.049586777	0.11382778	0.704	7625	tags=40%, list=35%, signal=61%	
HALLMARK_ADIPOGENESIS	HALLMARK_ADIPOGENESIS	Details ...	192	-0.27915594	-1.2318766	0.07929515	0.1343293	0.777	5590	tags=24%, list=26%, signal=32%	
HALLMARK_APOPTOSIS	HALLMARK_APOPTOSIS	Details ...	154	-0.2756252	-1.1533253	0.1762295	0.21482916	0.921	3578	tags=18%, list=16%, signal=21%	
HALLMARK_TGF_BETA_SIGNALING	HALLMARK_TGF_BETA_SIGNALING	Details ...	53	-0.3014276	-1.0601156	0.3431085	0.37046403	0.99	2890	tags=13%, list=13%, signal=15%	
HALLMARK_SPERMATOGENESIS	HALLMARK_SPERMATOGENESIS	Details ...	104	-0.23068562	-0.92752767	0.63345194	0.72137403	1.0	5015	tags=31%, list=23%, signal=40%	
HALLMARK_FATTY_ACID_METABOLISM	HALLMARK_FATTY_ACID_METABOLISM	Details ...	142	-0.21230537	-0.88025916	0.77165353	0.83357966	1.0	5475	tags=27%, list=25%, signal=36%	
HALLMARK_NOTCH_SIGNALING	HALLMARK_NOTCH_SIGNALING	Details ...	29	-0.27874818	-0.84340364	0.67897725	0.8965764	1.0	2876	tags=21%, list=13%, signal=24%	
HALLMARK_HEME_METABOLISM	HALLMARK_HEME_METABOLISM	Details ...	180	-0.19276117	-0.8382328	0.8947368	0.8819517	1.0	5577	tags=26%, list=26%, signal=35%	
HALLMARK_PEROXISOME	HALLMARK_PEROXISOME	Details ...	96	-0.18560113	-0.7351078	0.9430605	0.9780147	1.0	4864	tags=24%, list=22%, signal=31%	
HALLMARK_OXIDATIVE_PHOSPHORYLATION	HALLMARK_OXIDATIVE_PHOSPHORYLATION	Details ...	199	-0.16202827	-0.7085448	1.0	0.9684529	1.0	9231	tags=48%, list=42%, signal=82%	
