NAME	GS<br> follow link to MSigDB	GS DETAILS	SIZE	ES	NES	NOM p-val	FDR q-val	FWER p-val	RANK AT MAX	LEADING EDGE	
HALLMARK_ESTROGEN_RESPONSE_LATE	HALLMARK_ESTROGEN_RESPONSE_LATE	Details ...	177	0.39889687	1.550808	0.0026455026	0.071214244	0.234	2678	tags=22%, list=12%, signal=25%	
HALLMARK_ESTROGEN_RESPONSE_EARLY	HALLMARK_ESTROGEN_RESPONSE_EARLY	Details ...	190	0.39401513	1.5283924	0.0038314175	0.045979116	0.29	2509	tags=23%, list=12%, signal=26%	
HALLMARK_P53_PATHWAY	HALLMARK_P53_PATHWAY	Details ...	192	0.27827117	1.0873842	0.2984694	1.0	1.0	3733	tags=20%, list=17%, signal=24%	
HALLMARK_XENOBIOTIC_METABOLISM	HALLMARK_XENOBIOTIC_METABOLISM	Details ...	166	0.27605197	1.0696672	0.31158456	0.8322155	1.0	1983	tags=15%, list=9%, signal=16%	
HALLMARK_PANCREAS_BETA_CELLS	HALLMARK_PANCREAS_BETA_CELLS	Details ...	25	0.38631925	1.0387323	0.41451612	0.7764477	1.0	6077	tags=40%, list=28%, signal=55%	
HALLMARK_PI3K_AKT_MTOR_SIGNALING	HALLMARK_PI3K_AKT_MTOR_SIGNALING	Details ...	98	0.2830091	1.0025291	0.45507246	0.75946385	1.0	1512	tags=7%, list=7%, signal=8%	
HALLMARK_WNT_BETA_CATENIN_SIGNALING	HALLMARK_WNT_BETA_CATENIN_SIGNALING	Details ...	39	0.26465744	0.8066029	0.75396824	1.0	1.0	1804	tags=10%, list=8%, signal=11%	
HALLMARK_APICAL_JUNCTION	HALLMARK_APICAL_JUNCTION	Details ...	184	0.20737381	0.80319744	0.8809219	1.0	1.0	2959	tags=15%, list=14%, signal=17%	
HALLMARK_BILE_ACID_METABOLISM	HALLMARK_BILE_ACID_METABOLISM	Details ...	101	0.199798	0.71609926	0.9631651	1.0	1.0	5635	tags=26%, list=26%, signal=35%	
HALLMARK_REACTIVE_OXYGEN_SPECIES_PATHWAY	HALLMARK_REACTIVE_OXYGEN_SPECIES_PATHWAY	Details ...	47	0.18456991	0.5851978	0.9880597	0.9950723	1.0	6058	tags=26%, list=28%, signal=35%	
