NAME	ORIGINAL SIZE	AFTER RESTRICTING TO DATASET	STATUS	
HALLMARK_TNFA_SIGNALING_VIA_NFKB	200	196		
HALLMARK_HYPOXIA	200	187		
HALLMARK_CHOLESTEROL_HOMEOSTASIS	74	74		
HALLMARK_MITOTIC_SPINDLE	199	198		
HALLMARK_WNT_BETA_CATENIN_SIGNALING	42	39		
HALLMARK_TGF_BETA_SIGNALING	54	53		
HALLMARK_IL6_JAK_STAT3_SIGNALING	87	73		
HALLMARK_DNA_REPAIR	150	150		
HALLMARK_G2M_CHECKPOINT	200	200		
HALLMARK_APOPTOSIS	161	154		
HALLMARK_NOTCH_SIGNALING	32	29		
HALLMARK_ADIPOGENESIS	200	192		
HALLMARK_ESTROGEN_RESPONSE_EARLY	200	190		
HALLMARK_ESTROGEN_RESPONSE_LATE	200	177		
HALLMARK_ANDROGEN_RESPONSE	100	98		
HALLMARK_MYOGENESIS	200	174		
HALLMARK_PROTEIN_SECRETION	96	95		
HALLMARK_INTERFERON_ALPHA_RESPONSE	97	97		
HALLMARK_INTERFERON_GAMMA_RESPONSE	200	191		
HALLMARK_APICAL_JUNCTION	200	184		
HALLMARK_APICAL_SURFACE	44	41		
HALLMARK_HEDGEHOG_SIGNALING	36	33		
HALLMARK_COMPLEMENT	200	177		
HALLMARK_UNFOLDED_PROTEIN_RESPONSE	113	112		
HALLMARK_PI3K_AKT_MTOR_SIGNALING	105	98		
HALLMARK_MTORC1_SIGNALING	200	200		
HALLMARK_E2F_TARGETS	200	200		
HALLMARK_MYC_TARGETS_V1	200	200		
HALLMARK_MYC_TARGETS_V2	58	58		
HALLMARK_EPITHELIAL_MESENCHYMAL_TRANSITION	200	196		
HALLMARK_INFLAMMATORY_RESPONSE	200	172		
HALLMARK_XENOBIOTIC_METABOLISM	200	166		
HALLMARK_FATTY_ACID_METABOLISM	158	142		
HALLMARK_OXIDATIVE_PHOSPHORYLATION	200	199		
HALLMARK_GLYCOLYSIS	200	193		
HALLMARK_REACTIVE_OXYGEN_SPECIES_PATHWAY	49	47		
HALLMARK_P53_PATHWAY	200	192		
HALLMARK_UV_RESPONSE_UP	158	154		
HALLMARK_UV_RESPONSE_DN	144	144		
HALLMARK_ANGIOGENESIS	36	32		
HALLMARK_HEME_METABOLISM	200	180		
HALLMARK_COAGULATION	138	112		
HALLMARK_IL2_STAT5_SIGNALING	199	182		
HALLMARK_BILE_ACID_METABOLISM	112	101		
HALLMARK_PEROXISOME	104	96		
HALLMARK_ALLOGRAFT_REJECTION	200	153		
HALLMARK_SPERMATOGENESIS	135	104		
HALLMARK_KRAS_SIGNALING_UP	200	175		
HALLMARK_KRAS_SIGNALING_DN	200	134		
HALLMARK_PANCREAS_BETA_CELLS	40	25		
