NAME	GS<br> follow link to MSigDB	GS DETAILS	SIZE	ES	NES	NOM p-val	FDR q-val	FWER p-val	RANK AT MAX	LEADING EDGE	
HALLMARK_MTORC1_SIGNALING	HALLMARK_MTORC1_SIGNALING	Details ...	200	0.40817064	1.936187	0.0	0.022320317	0.01	6581	tags=54%, list=30%, signal=77%	
HALLMARK_CHOLESTEROL_HOMEOSTASIS	HALLMARK_CHOLESTEROL_HOMEOSTASIS	Details ...	74	0.4746763	1.8738114	0.0	0.019488674	0.018	4048	tags=51%, list=19%, signal=63%	
HALLMARK_ADIPOGENESIS	HALLMARK_ADIPOGENESIS	Details ...	192	0.37733224	1.794838	0.0	0.024495339	0.034	5712	tags=43%, list=26%, signal=57%	
HALLMARK_FATTY_ACID_METABOLISM	HALLMARK_FATTY_ACID_METABOLISM	Details ...	142	0.4000913	1.786099	0.0	0.0203971	0.038	5093	tags=40%, list=23%, signal=52%	
HALLMARK_ANDROGEN_RESPONSE	HALLMARK_ANDROGEN_RESPONSE	Details ...	98	0.39396343	1.6728276	0.002570694	0.04318987	0.101	3211	tags=28%, list=15%, signal=32%	
HALLMARK_COMPLEMENT	HALLMARK_COMPLEMENT	Details ...	177	0.3542621	1.6406437	0.0	0.04397582	0.125	3889	tags=35%, list=18%, signal=42%	
HALLMARK_OXIDATIVE_PHOSPHORYLATION	HALLMARK_OXIDATIVE_PHOSPHORYLATION	Details ...	199	0.3402183	1.6344751	0.0	0.039476678	0.129	7417	tags=44%, list=34%, signal=67%	
HALLMARK_PANCREAS_BETA_CELLS	HALLMARK_PANCREAS_BETA_CELLS	Details ...	25	0.514244	1.5974619	0.040860213	0.0480302	0.178	2377	tags=28%, list=11%, signal=31%	
HALLMARK_PROTEIN_SECRETION	HALLMARK_PROTEIN_SECRETION	Details ...	95	0.3698031	1.5698488	0.00954654	0.051687945	0.21	6236	tags=48%, list=29%, signal=68%	
HALLMARK_UNFOLDED_PROTEIN_RESPONSE	HALLMARK_UNFOLDED_PROTEIN_RESPONSE	Details ...	112	0.35500193	1.5393819	0.011494253	0.057396956	0.246	6692	tags=43%, list=31%, signal=62%	
HALLMARK_HEME_METABOLISM	HALLMARK_HEME_METABOLISM	Details ...	180	0.32269278	1.5142801	0.008042895	0.0643276	0.29	3545	tags=23%, list=16%, signal=28%	
HALLMARK_EPITHELIAL_MESENCHYMAL_TRANSITION	HALLMARK_EPITHELIAL_MESENCHYMAL_TRANSITION	Details ...	196	0.31067073	1.4668418	0.004950495	0.08874254	0.413	3087	tags=34%, list=14%, signal=39%	
HALLMARK_INTERFERON_ALPHA_RESPONSE	HALLMARK_INTERFERON_ALPHA_RESPONSE	Details ...	97	0.34578022	1.4483122	0.036674816	0.094638705	0.463	4955	tags=35%, list=23%, signal=45%	
HALLMARK_COAGULATION	HALLMARK_COAGULATION	Details ...	112	0.33592537	1.4439796	0.027459955	0.090950385	0.474	3206	tags=32%, list=15%, signal=38%	
HALLMARK_PEROXISOME	HALLMARK_PEROXISOME	Details ...	96	0.33760607	1.4216448	0.028301887	0.09881014	0.531	5094	tags=35%, list=23%, signal=46%	
HALLMARK_IL6_JAK_STAT3_SIGNALING	HALLMARK_IL6_JAK_STAT3_SIGNALING	Details ...	73	0.35222602	1.4183542	0.04328018	0.095237665	0.54	3398	tags=33%, list=16%, signal=39%	
HALLMARK_XENOBIOTIC_METABOLISM	HALLMARK_XENOBIOTIC_METABOLISM	Details ...	166	0.29714957	1.3632486	0.03968254	0.13148241	0.676	3935	tags=33%, list=18%, signal=40%	
HALLMARK_UV_RESPONSE_DN	HALLMARK_UV_RESPONSE_DN	Details ...	144	0.29921928	1.3364758	0.045333333	0.15122882	0.741	3580	tags=26%, list=16%, signal=31%	
HALLMARK_INTERFERON_GAMMA_RESPONSE	HALLMARK_INTERFERON_GAMMA_RESPONSE	Details ...	191	0.28095636	1.333076	0.04	0.1472661	0.755	3889	tags=28%, list=18%, signal=34%	
HALLMARK_APICAL_SURFACE	HALLMARK_APICAL_SURFACE	Details ...	41	0.36937788	1.3005856	0.121839084	0.17278028	0.82	3834	tags=41%, list=18%, signal=50%	
HALLMARK_APOPTOSIS	HALLMARK_APOPTOSIS	Details ...	154	0.27995053	1.2922606	0.06	0.17247218	0.833	3403	tags=30%, list=16%, signal=35%	
HALLMARK_KRAS_SIGNALING_DN	HALLMARK_KRAS_SIGNALING_DN	Details ...	134	0.28746346	1.2886794	0.064432986	0.16865389	0.837	1901	tags=17%, list=9%, signal=19%	
HALLMARK_BILE_ACID_METABOLISM	HALLMARK_BILE_ACID_METABOLISM	Details ...	101	0.29627448	1.2767268	0.096858636	0.17425632	0.861	3844	tags=37%, list=18%, signal=44%	
HALLMARK_MYOGENESIS	HALLMARK_MYOGENESIS	Details ...	174	0.27440318	1.2762322	0.07219251	0.16738814	0.861	3194	tags=25%, list=15%, signal=29%	
HALLMARK_E2F_TARGETS	HALLMARK_E2F_TARGETS	Details ...	200	0.2634517	1.2538875	0.08010336	0.18368621	0.891	7438	tags=43%, list=34%, signal=64%	
HALLMARK_G2M_CHECKPOINT	HALLMARK_G2M_CHECKPOINT	Details ...	200	0.26105562	1.2429682	0.08465608	0.1890368	0.907	7930	tags=47%, list=37%, signal=73%	
HALLMARK_IL2_STAT5_SIGNALING	HALLMARK_IL2_STAT5_SIGNALING	Details ...	182	0.26769707	1.2413058	0.114583336	0.18417889	0.912	3842	tags=32%, list=18%, signal=38%	
HALLMARK_HEDGEHOG_SIGNALING	HALLMARK_HEDGEHOG_SIGNALING	Details ...	33	0.35765168	1.203891	0.237581	0.22269388	0.96	3408	tags=24%, list=16%, signal=29%	
HALLMARK_MITOTIC_SPINDLE	HALLMARK_MITOTIC_SPINDLE	Details ...	198	0.2556259	1.2000593	0.11519608	0.21962973	0.961	4786	tags=27%, list=22%, signal=35%	
HALLMARK_TNFA_SIGNALING_VIA_NFKB	HALLMARK_TNFA_SIGNALING_VIA_NFKB	Details ...	196	0.25258654	1.193724	0.14092141	0.22172141	0.967	2783	tags=22%, list=13%, signal=26%	
HALLMARK_GLYCOLYSIS	HALLMARK_GLYCOLYSIS	Details ...	193	0.25144506	1.186071	0.13533835	0.22368936	0.971	6288	tags=50%, list=29%, signal=69%	
HALLMARK_UV_RESPONSE_UP	HALLMARK_UV_RESPONSE_UP	Details ...	154	0.25384086	1.1620325	0.16876574	0.24824545	0.988	4540	tags=33%, list=21%, signal=42%	
HALLMARK_ESTROGEN_RESPONSE_LATE	HALLMARK_ESTROGEN_RESPONSE_LATE	Details ...	177	0.24438576	1.1326369	0.20533334	0.28212655	0.994	4284	tags=36%, list=20%, signal=45%	
HALLMARK_MYC_TARGETS_V1	HALLMARK_MYC_TARGETS_V1	Details ...	200	0.23454115	1.1172591	0.2159383	0.29731554	0.995	16207	tags=100%, list=75%, signal=388%	
HALLMARK_HYPOXIA	HALLMARK_HYPOXIA	Details ...	187	0.23689154	1.1128129	0.22774869	0.29651752	0.998	4292	tags=35%, list=20%, signal=44%	
HALLMARK_ANGIOGENESIS	HALLMARK_ANGIOGENESIS	Details ...	32	0.3344812	1.1012495	0.32790697	0.3048543	0.998	1338	tags=22%, list=6%, signal=23%	
HALLMARK_REACTIVE_OXYGEN_SPECIES_PATHWAY	HALLMARK_REACTIVE_OXYGEN_SPECIES_PATHWAY	Details ...	47	0.28737772	1.0472252	0.37931034	0.38969946	1.0	6172	tags=40%, list=28%, signal=56%	
HALLMARK_ALLOGRAFT_REJECTION	HALLMARK_ALLOGRAFT_REJECTION	Details ...	153	0.22875935	1.0467864	0.33924052	0.37993306	1.0	3675	tags=25%, list=17%, signal=30%	
HALLMARK_DNA_REPAIR	HALLMARK_DNA_REPAIR	Details ...	150	0.17324018	0.7926348	0.8987013	0.91553706	1.0	7450	tags=36%, list=34%, signal=54%	
HALLMARK_WNT_BETA_CATENIN_SIGNALING	HALLMARK_WNT_BETA_CATENIN_SIGNALING	Details ...	39	0.15606146	0.5396	0.9886105	1.0	1.0	3952	tags=21%, list=18%, signal=25%	
HALLMARK_MYC_TARGETS_V2	HALLMARK_MYC_TARGETS_V2	Details ...	58	0.13474287	0.5106608	0.9972603	0.99845135	1.0	2552	tags=10%, list=12%, signal=12%	
