NAME	GS<br> follow link to MSigDB	GS DETAILS	SIZE	ES	NES	NOM p-val	FDR q-val	FWER p-val	RANK AT MAX	LEADING EDGE	
HALLMARK_KRAS_SIGNALING_UP	HALLMARK_KRAS_SIGNALING_UP	Details ...	175	-0.3780237	-1.6890436	0.0016528926	0.025031516	0.083	3198	tags=33%, list=15%, signal=38%	
HALLMARK_APICAL_JUNCTION	HALLMARK_APICAL_JUNCTION	Details ...	184	-0.31420454	-1.4225723	0.020654045	0.14011951	0.61	2322	tags=18%, list=11%, signal=20%	
HALLMARK_ESTROGEN_RESPONSE_EARLY	HALLMARK_ESTROGEN_RESPONSE_EARLY	Details ...	190	-0.27694893	-1.2431511	0.10047096	0.37347624	0.978	3554	tags=21%, list=16%, signal=25%	
HALLMARK_P53_PATHWAY	HALLMARK_P53_PATHWAY	Details ...	192	-0.2607146	-1.171632	0.16449511	0.43661943	0.998	4318	tags=18%, list=20%, signal=22%	
HALLMARK_INFLAMMATORY_RESPONSE	HALLMARK_INFLAMMATORY_RESPONSE	Details ...	172	-0.24349038	-1.0854781	0.29372936	0.55590874	1.0	5622	tags=41%, list=26%, signal=54%	
HALLMARK_TGF_BETA_SIGNALING	HALLMARK_TGF_BETA_SIGNALING	Details ...	53	-0.29176304	-1.0404104	0.40480593	0.566413	1.0	4521	tags=26%, list=21%, signal=33%	
HALLMARK_SPERMATOGENESIS	HALLMARK_SPERMATOGENESIS	Details ...	104	-0.23141119	-0.9486531	0.53249097	0.7024494	1.0	4626	tags=24%, list=21%, signal=30%	
HALLMARK_NOTCH_SIGNALING	HALLMARK_NOTCH_SIGNALING	Details ...	29	-0.27086464	-0.85698825	0.67343175	0.8336554	1.0	4728	tags=21%, list=22%, signal=26%	
HALLMARK_PI3K_AKT_MTOR_SIGNALING	HALLMARK_PI3K_AKT_MTOR_SIGNALING	Details ...	98	-0.21051009	-0.8513762	0.733564	0.7518447	1.0	2370	tags=10%, list=11%, signal=11%	
